N,w_emp,CSD_emp,w_sem,CSD_sem
1,0.9895358682035882,0.04948027295154371,0.009986527039719115,0.0033559680454588146
2,0.99999,0.14159621101843725,0.0033907433941212425,0.010468695584337407
4,0.9064059415803252,0.24989197165842503,0.01582426337415087,0.012427529568316734
6,0.7800147431338221,0.365762341266353,0.019786680992076273,0.017071945909092872
