comparison,t_stat,p_val
SS4_benefit > SS2_benefit,1.0880879433394328,0.13893948186568947
