comparison,t_stat,p_val
SS4_benefit > SS2_benefit,1.8287767175211356,0.03409061985778818
