set_size,neutral_mae,neutral_sem,cued_mae,cued_sem,benefit_mean,benefit_sem,t_stat,p_val
2,15.843412238359452,1.5511883707907606,9.462325899600982,0.5103857537694956,6.381086338758468,1.4825642281526006,4.304087618996337,2.6290094796343237e-05
4,35.30555675804615,2.991140378786868,23.509958766698837,1.9368287715352235,11.795597991347313,2.5627948703164227,4.6026305608653475,7.424263144451459e-06
