comparison,t_stat,p_val
SS4_benefit > SS2_benefit,3.0476903559766844,0.0012299497131420135
