comparison,t_stat,p_val
SS4_benefit > SS2_benefit,0.42126126604274167,0.3372434081132217
