set_size,neutral_mae,neutral_sem,cued_mae,cued_sem,benefit_mean,benefit_sem,t_stat,p_val
2,19.491308002471925,3.8207762182878193,9.64829997062683,0.9944410229604603,9.843008031845093,3.681139904524192,2.6739021844151716,0.010158323169066967
4,32.61364820480347,5.74185562480531,20.096658325195314,3.2072057305373445,12.516989879608154,5.171145678339611,2.4205448189243817,0.019249192483408614
