set_size,neutral_mae,neutral_sem,cued_mae,cued_sem,benefit_mean,benefit_sem,t_stat,p_val
2,16.188147451877594,1.3673231116035376,8.28616947054863,0.46368093590001624,7.901977981328964,1.2635473067342873,6.25380461753513,2.400642791990563e-09
4,39.70547301888466,3.0543583433597217,22.755557337403296,1.9190887117382016,16.94991568148136,2.686472247836038,6.309358190889397,1.7816383779604144e-09
