Set Size,Mean Abs Error,SD Signed Error
1,7.24476610594095,7.1779014631037334
2,11.97249264711202,16.264270966276108
4,27.88577970967853,42.38060829428692
6,38.697993788074534,56.74426993494921
