Set Size,Mean Abs Error,SD Signed Error
1,7.325430028438568,7.173802418485012
2,11.954331545233726,16.2707527146356
4,27.870870769023895,42.24610104897725
6,38.35974455753962,56.268575593822966
